Fiil;Eka;efii;fii1234;mosccow;123434-1234;eka@gmail.com
Boitin;Julia;JBoi;Boi4321;Am Rosenhag 16;567891-1234;julia.boitin@web.de
test;test;test;test;Testaddress 1;987654-9876;testmail@test.com
Hansen;Peter;Phan;Han4321;Fuglebakke 1;123456-4321;hello@gmail.com
Morten;Richard;Ricky;Ricky;Superstreet 3;222233-4455;Ricky@Morten.com
Trub;Claudi;Ctru;Trudi;Superstreet 7;222233-4477;Claudi@gmx.com
Muster;Max;MMus;Mus4455;Mustervej 6;445566-4455;max@muster.com
Potter;Harry;HPot;Pot1111;Hogwarts;999999-1111;letter@hogwarts.uk
Begum ;Marjahan;teacher;teacher1;CBS;112233-4567;mbe.itm@cbs.dk
